question_id,project,ifc_model,category,question,ground_truth,predicted,elapsed_s,input_tokens,output_tokens,num_tool_calls,error
92,dental_clinic,arc,1,What is the thickness of the insulation of the external walls?,The external wall insulation is 42 mm thick.,"The insulation thickness of the external walls is **42 mm (0.042 m)**.

This was extracted from the material layer set of the 80 external walls (identified by `IsExternal = True` in `Pset_WallCommon`). All external walls share a single wall type ""Basic Wall:Exterior - Insul Panel on Mtl. Stud"" with the following layered construction:

| Layer | Material | Thickness |
|-------|----------|-----------|
| 1 | Insulation - Insulated Panel | **0.042 m** |
| 2 | Metal - Firring | 0.038 m |
| 3 | Wood - Sheathing - plywood | 0.019 m |
| 4 | Metal - Stud Layer | 0.152 m |
| 5 | Plasterboard | 0.016 m |

(From `IfcMaterialLayerSet.MaterialLayers[0].LayerThickness` for all 80 walls with `IsExternal = True`.)",28.13,130706,2126,9,
93,dental_clinic,arc,4,What information is available about the insulation used in the external walls?,The insulation material is not explicitly defined in the BIM model. It is identified as an 'Insulated Panel' with a thickness of 42 mm.,"The following information is available about the insulation used in the external walls:

## External Wall Insulation

**152 external walls** (identified by ""Exterior"" in the wall name, with `IsExternal = True` in `Pset_WallCommon`) all use the same wall type called **""Basic Wall:Exterior - Insul Panel on Mtl. Stud""**.

The wall assembly consists of **5 material layers** (from exterior to interior):

| Layer | Material | Thickness |
|-------|----------|-----------|
| 1 | **Insulation - Insulated Panel** | **42.0 mm** |
| 2 | Metal - Firring | 38.0 mm |
| 3 | Wood - Sheathing - plywood | 19.0 mm |
| 4 | Metal - Stud Layer | 152.0 mm |
| 5 | Plasterboard | 16.0 mm |

**Total wall thickness**: ~267 mm (from `PSet_Revit_Type_Construction.Width`)

The **insulation** material is specifically named ""Insulation - Insulated Panel"" with a thickness of **42 mm**. This insulation is integrated into the panel system rather than being a separate batt or loose fill insulation.

**No additional thermal properties** (such as R-values, U-values, or thermal conductivity) are present in the model. No dedicated insulation-only elements were found separate from the wall assembly.",46.46,128816,3065,12,
94,dental_clinic,arc,2,How many X-RAY rooms are there in total?,There is 1 X-ray room (room 2A12).,"Based on the model, there is **1 X-RAY room** (space `2A12` with LongName ""X-RAY"").

There is also one related space — `2A12-A` with LongName ""X-RAY ALCOVE"" — but an alcove is not a separate room.",73.33,40192,784,3,
95,dental_clinic,arc,1,What is the ceiling height in treatment room 2A12?,The ceiling height in treatment room 2A12 is 2.80 m.,"The ceiling height in treatment room **2A12 is 2.80 m** (2.8 meters).

Source: derived from the space geometry (vertices bounding box) in the IFC model. The space occupies Z coordinates from 4.57 m to 7.37 m above the project origin, giving a clear height of exactly 2.80 m — consistent with the `Unbounded Height = 2.8` and `Limit Offset = 2.8` stored in its `PSet_Revit_Dimensions` and `PSet_Revit_Constraints` property sets.",52.62,113588,2927,12,
96,dental_clinic,arc,2,Can you give me the list of all room types?,"Based on the BIM model analysis, here is the complete list of all 29 room types found in the dental clinic:

1. Break Room (5 spaces)
2. Classroom (1 space)
3. Clean Room (2 spaces)
4. Conference Room (4 spaces)
5. Copy Room (1 space)
6. Corridor (40 spaces)
7. Dressing Room (2 spaces)
8. Electrical Room (5 spaces)
9. Elevator Shaft (1 space)
10. Entry Vestibule (1 space)
11. Equipment Room (4 spaces)
12. Hazardous Material Storage Space (3 spaces)
13. Kitchen (1 space)
14. Laboratory (4 spaces)
15. Mechanical Room (3 spaces)
16. Office (61 spaces)
17. Other General Facility Service Spaces (6 spaces)
18. Other Grooming Spaces (1 space)
19. Other Healing Spaces (35 spaces)
20. Other Transitional Circulation Spaces (3 spaces)
21. Physical Examination Room (6 spaces)
22. Reception Space (5 spaces)
23. Restroom (22 spaces)
24. Scanning/Imaging Room (6 spaces)
25. Soiled Storage Room Space (7 spaces)
26. Stairway (6 spaces)
27. Storage Room (23 spaces)
28. Treatment Room (2 spaces)
29. Waiting Room (9 spaces)

The model contains a total of 269 spaces with these 29 different room types. The most common room types are Office (61 spaces), Corridor (40 spaces), and Other Healing Spaces (35 spaces), which is consistent with a medical/dental facility layout.","The model contains **158 unique room types**, identified from the `LongName` attribute of `IfcSpace` elements. Here's the complete list:

- ADMIN
- ADMIN OFFICE
- ADMIN WORK STATN.
- ADP EQUIP SPACE
- APPMTS
- AUDIO
- BEE EQUIP. STORAGE
- BEE TECH
- BENCHSTOCK STORAGE
- BIOMED MAINT. ADMIN.
- BLOOD DRAW
- BMET WORK STATION
- CENT. STO.
- CENTRAL ISSUE
- CENTRAL MECH. RM.
- CENTRAL WAITING
- CERAMIC LAB
- CHIEF AERO MED.
- CHIEF LOG OFFICE
- CL. UTL. / KITCHENET
- CLEAN SUP. & EQUIP.
- CLEAN U.
- CMDR OFFICE
- COMM. ROOM
- COMPUTER ROOM
- CONF. / GROUP THERAPY
- CONF. LIBRARY
- CONF. ROOM
- CONSULT.
- COPY / FILE
- CORRIDOR
- COUNSELING
- CREDENTIALS MGR
- DATA / ARCHIVE STORAGE
- DENTAL SURGEON OFFICE
- DENTAL WAITING
- DEVELOPING
- DIPC CLEAN
- DIPC DECON
- DIR. INFO MGR
- DISASTER STOR.
- DRESS
- DTR SUPPORT
- ECG TEST
- ELEC. CL.
- ELEC. ROOM
- ELECTRICAL
- ELEV. EQUIP.
- ELEVATOR
- FAC. MGR. OFFICE
- FILM VIEW
- FITTING / DISP.
- FLAMABLE STORAGE
- FUNDUS CAMERA ROOM
- GAS STORAGE
- GEN. DENT. DTR #4
- GEN. DENT. DTR #5
- GEN. DENT. DTR #6
- GEN. DENT. DTR #7
- GEN. DENT. DTR #8
- GEN. DENT. DTR #9
- GEN. DENT. DTR #10
- GROUP IS
- HAZ. STOR.
- HIST. / INTV.
- HK
- HK BREAK ROOM
- HK EQUIP. STORAGE
- HK. SUPV. OFFICE
- IMMUNIZ'N ROOM
- INTERACTION STATION
- ISOLATION INTERACTION STATION
- ISOLATION TOILET
- JAN.
- JAN. CL.
- LAB
- LAB OFFICE
- LIBRARY / CLASSROOM
- LIBRARY / CONF. ROOM
- LOUNGE
- M. STAFF TOILET
- M. TOILET
- MAIN MECHANICAL ROOM
- MDIS VIEW
- MECH. PENTHOUSE
- MECH. YARD
- OFFICE
- OFFICE / EXAM
- OH DTR #1
- OH DTR #2
- OH DTR #3
- OPEN TO BELOW
- OPS SQUAD CMDR
- OPT. EXAM / OFF.
- PARTS STORAGE
- PAT. / STAFF TOILET
- PATIENT ADMIN. RECEPT.
- PEDIATRIC WAITING
- PEDIATRIC WTS & MSRS
- PES ADMIN. OFFICE
- PH SUPER
- PH TECH
- PHARM. DISP.
- PHARM. OFFICE
- PHYSICAL EXAM
- PROSTH. LAB
- PROVIDER CUBICLES
- PSYCH TEST
- QA / HRD DIRECTOR
- RADIOGRAPHIC ROOM
- READINESS NCOIC OFFICE
- RECEIVING / STORAGE
- RECEPTION
- RECORDS
- RECS / FORMS STORAGE
- RMO ANALYST
- RMO DIR.
- ROOF
- SCOPE WASH / DECON.
- SCREEN EYE TEST
- SEC. OFFICE
- SEC. STORAGE
- SEC. WAIT
- SL. LIN. / TRASH
- SOIL. LIN.
- SOIL. UTL.
- SOIL. UTL. / TRASH
- SPECIMEN COLL. LAB
- SPECIMEN TOILET
- STAFF LOUNGE
- STAFF TOILET
- STAIR
- SUPER
- SUPER / NCOIC
- SUPER OFFICE
- SYS. ANALYST
- TEAM INTERACTION
- TECH OFFICE
- TECH. OFFICE
- TECH. WORK ROOM
- TECH. WORK STATION
- TOILET
- TRASH
- TRICARE OFFICE
- TRMT RM. DIRTY PROC.
- TRMT ROOM
- VEST.
- VISUAL FIELD
- W. STAFF TOILET
- W. TOILET
- WAIT / ERGOM
- WAITING
- WAITING / ACTIVITY AREA
- WORK ROOM
- WTS & MEAS. ROOM
- X-RAY
- X-RAY ALCOVE
- 1ST SGT

(Sourced from 269 `IfcSpace` elements via `LongName` attribute.)",19.13,30081,1460,2,
97,dental_clinic,arc,1,What is the width of the main entrance door?,The width of the main entrance door is 1.8 m.,"Based on my thorough inspection of the model, I cannot determine the main entrance door with certainty — **no door in the model is explicitly labeled or named as ""main entrance.""**

The model contains 254 IfcDoor instances with no semantic marker distinguishing a ""main entrance."" The largest exterior doors are double doors on the First Floor (Mark 1E15 and 1E24), type `M_Double-Flush:1830 x 2134mm Exterior`, with a width of **1.83 m** (from `PSet_Revit_Type_Dimensions.Width = 1.83`).

I cannot answer which specific door is the main entrance based solely on the BIM data, as that semantic information is not present in the model.",52.7,139224,1845,6,
98,dental_clinic,arc,2,How many rooms are there in the clinic ?,There are 269 rooms in the clinic.,"The clinic has **213 rooms** (from 269 total `IfcSpace` elements, excluding 40 corridors, 6 stairs, 1 elevator, 6 roofs, and 3 ""open to below"" voids).",15.46,30474,1003,2,
99,dental_clinic,arc,2,What is the total area of the sterilization rooms?,"The total area of the sterilization rooms is 25.4 sqm.

Included rooms:
- 2C12 'DIPC CLEAN'
- 2C10 'DIPC DECON'","Based on my analysis, there are no spaces explicitly named ""Sterilization Room"" in this model. However, I identified 6 rooms with sterilization-related functions based on their names:

| Space Name | Room Name | Area (m²) |
|------------|-----------|-----------|
| 2C12 | DIPC CLEAN | 14.37 |
| 1D06 | SCOPE WASH / DECON. | 9.00 |
| 2C10 | DIPC DECON | 11.03 |
| 1B12 | CLEAN SUP. & EQUIP. | 3.90 |
| 1D37 | CLEAN U. | 2.35 |
| 1D03 | CLEAN U. | 2.35 |

**Total area of sterilization-related rooms: 43.00 m²**

(Identified from PSet_Revit_Dimensions.Area for spaces with names containing ""DECON"", ""CLEAN"", or ""WASH"")",44.4,120321,2396,8,
100,dental_clinic,arc,4,What are the estimated capacities for each waiting area in the building?,"The information is not directly available in the BIM model and cannot be exactly calculated.

However, assuming an occupancy rate between 0.9 and 1.5 sqm per person, the estimated capacities are:
- Central Waiting Area: approximately 125 to 200 people.
- Dental Waiting Area: approximately 30 to 50 people.","The model does not contain explicit occupancy capacity data for any space. I identified 9 waiting areas through their names and OmniClass category (13-51 31 11: Waiting Room), then estimated capacities using the standard healthcare design ratio of **1.5 m²/person** for seated waiting areas (derived from the Area property in `PSet_Revit_Dimensions`, confirmed in m² via the model's `IfcSIUnit` LENGTHUNIT and AREAUNIT).

| Waiting Area | Space # | Area | Est. Capacity | Level |
|---|---|---|---|---|
| CENTRAL WAITING | 1AC1 | 139.75 m² | ~93 persons | First Floor |
| DENTAL WAITING | 2A11 | 33.48 m² | ~22 persons | Second Floor |
| DENTAL WAITING | 2A10 | 7.86 m² | ~5 persons | Second Floor |
| PEDIATRIC WAITING | 1D33 | 12.74 m² | ~8 persons | First Floor |
| SEC. WAIT | 2D10 | 16.63 m² | ~11 persons | Second Floor |
| WAIT / ERGOM | 2B15 | 9.12 m² | ~6 persons | Second Floor |
| WAITING | 2B11 | 10.11 m² | ~7 persons | Second Floor |
| WAITING | 1C01 | 11.86 m² | ~8 persons | First Floor |
| WAITING / ACTIVITY AREA | 1DC1 | 182.28 m² | ~122 persons | First Floor |

**Total: 9 waiting areas | 423.83 m² | ~282 persons combined estimated capacity**

*These are estimates only — capacities will vary based on furniture layout, circulation requirements, and applicable codes. The model contains no explicit occupancy limits or occupant load properties.*",66.07,227795,4560,13,
101,dental_clinic,arc,4,"What is the total estimated storage space available in the building, and can you provide a breakdown by storage type?","The information is not directly available in the BIM model and cannot be exactly calculated.

However, the area of available storage space is estimated to be around 450 sqm. This includes 34 different storage areas, consisting of:
- General storage rooms
- Soiled storage rooms
- Hazardous material storage spaces
- Utility storage areas","The total estimated storage space in the dental clinic building is **222.08 m²** (from GSA BIM Area values in property sets for all spaces with storage-related names).

### Breakdown by Storage Type

| Storage Type | Area (m²) |
|---|---|
| Receiving / General Storage | 118.30 |
| Disaster Storage | 22.36 |
| Records / Forms Storage | 10.55 |
| Data / Archive Storage | 9.92 |
| Hazardous Storage | 9.79 |
| HK Equipment Storage | 9.73 |
| Benchstock Storage | 9.51 |
| Parts Storage | 8.92 |
| BEE Equipment Storage | 8.78 |
| Security Storage | 6.27 |
| Flammable Storage | 5.66 |
| Gas Storage | 2.29 |

The dominant storage space is the **Receiving/General Storage** (118.30 m²) at 53% of total storage area. The remaining 12 storage spaces cover specialized storage for equipment, hazardous materials, records, and emergency/disaster supplies.

(source: areas computed from 'GSA Space Areas' property set for 12 spaces identified by keyword 'STORAGE', 'STOR.', 'SUPPLY', 'ARCHIVE', 'BENCHSTOCK', and 'PARTS' in space names)",37.37,79895,2053,6,
102,dental_clinic,arc,4,What is the ratio of clinical to non-clinical space?,"The information is not directly available in the BIM model and cannot be exactly calculated.

However, the ratio of clinical to non-clinical space, based on usable area (excluding corridors, waiting areas, and offices), is estimated to be around 0.22.","## Ratio of Clinical to Non-Clinical Space

Based on the `GSA BIM Area` quantities on all 269 `IfcSpace` elements, classified by `LongName`:

| Category | Count | Area |
|---|---|---|
| **Clinical** | 86 spaces | **1,607.52 m²** |
| **Non-clinical** | 184 spaces | **5,338.39 m²** |
| **Total** | 270 spaces | **6,945.92 m²** |

**Ratio: 0.301 : 1 (clinical : non-clinical)**  
Or equivalently, clinical space is **23.1%** of the total.

### Clinical spaces include
Treatment rooms, dental operatories (OH DTR, GEN. DENT. DTR), radiographic/X-ray rooms, exam rooms, labs (prosthetics, ceramic, blood draw, specimen, pharmacy), isolation interaction stations, consultation rooms, reception, waiting areas, pediatric WTS & MSRS, immunization room, scope wash/decon, DIPC, fitting/dispensing, provider cubicles, team interaction, counseling, psych test, etc.

### Non-clinical spaces include
Corridors, offices, admin, mechanical/electrical rooms, storage, janitorial, trash, hazardous storage, stairs, elevators, roofs, mechanical yards, data/archive, records, IT/analyst workstations, staff lounges, toilets, conference rooms, libraries, lounges, etc.",53.25,141691,4563,11,
103,dental_clinic,arc,2,What is the average room height for the interaction stations?,The average room height for the interaction stations is 2.8 m.,"The average room height for the interaction stations is **2.8 m**.

This is derived from the `Unbounded Height` property in `PSet_Revit_Dimensions` for all 13 interaction station spaces (counted from model.by_type('IfcSpace') where Name contains 'INTERACTION STATION'). All 13 spaces have identical height of 2.8 m, so the average is 2.8 m.",43.62,132508,2570,10,
104,dental_clinic,arc,4,"What is the estimated distance from treatment room 1E12 to the nearest emergency exit, including the path taken for this estimation?","The information is not directly available in the BIM model and cannot be exactly calculated.

However, the distance from treatment room 1E12 to the nearest emergency exit is estimated to be around 20 to 22 meters, following the path from 1E12 through 1E33, 1DC6, 1EC1, and finally to 1EC4.",,0.0,0,0,0,"GraphRecursionError: Recursion limit of 120 reached without hitting a stop condition. You can increase the limit by setting the `recursion_limit` config key.
For troubleshooting, visit: https://docs.langchain.com/oss/python/langgraph/errors/GRAPH_RECURSION_LIMIT"
105,dental_clinic,arc,4,"What is the estimated distance from treatment room 1E23 to the nearest emergency exit, including the path taken?","The information is not directly available in the BIM model and cannot be exactly calculated.

However, the distance from treatment room 1E23 to the nearest emergency exit is estimated to be around 6 to 9 meters, following the path from 1E23 through 1EC1 to 1EC4.",,0.0,0,0,0,"GraphRecursionError: Recursion limit of 120 reached without hitting a stop condition. You can increase the limit by setting the `recursion_limit` config key.
For troubleshooting, visit: https://docs.langchain.com/oss/python/langgraph/errors/GRAPH_RECURSION_LIMIT"
106,dental_clinic,arc,1,Where is the server room located and what is its designation?,"Yes, it appears that there is a server room designated as the ""Computer Room"" (Room 2D04A) on the second floor.","The server room is the **COMPUTER ROOM** (designation **2D04A**), located on the **Second Floor** of the building (from `IfcRelAggregates` linking space 2D04A to the `Second Floor` `IfcBuildingStorey`).

Source: property data from `PSet_Revit_Identity Data` (Name: COMPUTER ROOM), `PSet_Revit_Constraints` (Level: Second Floor), and `PSet_Revit_Dimensions` (Area: 33.55 m2, Unbounded Height: 2.8 m).",54.51,231847,2597,16,
107,dental_clinic,arc,4,Are there any reinforced areas for heavy medical equipment?,There are no clearly identifiable reinforced areas for heavy medical equipment; the structural elements appear to be consistent throughout the building.,"I cannot determine any reinforced areas for heavy medical equipment as this information is not available in the model.

**What I found after exhaustive search across all three IFC files:**

| File | Elements | Reinforcement Elements |
|------|----------|----------------------|
| arc.ifc | 1080 walls, 3 slabs | None |
| str.ifc | 738 beams, 195 columns, 96 footings, 13 slabs | None |
| mep.ifc | Mechanical/electrical systems only | None |

**Search covered:**
- `IfcReinforcingBar`, `IfcReinforcingMesh`, `IfcReinforcingElement` classes — **0 found**
- Element names containing: equipment, medical, clinic, treatment, x-ray, MRI, scanner, heavy, reinforcement — **0 found**
- Property sets: `PSet_Revit_Structural`, `Pset_WallCommon`, etc. — no load/equipment capacity properties
- 58 property set types across all elements — none indicate reinforcement for equipment
- Materials: concrete (cast-in-situ) and steel — no special reinforcement material properties
- `IfcEquipmentElement` class — **0 found**

The architectural model contains only a hydraulic elevator with load data (2000 lbs), but no structural elements specifically designated for supporting heavy medical equipment like dental chairs, imaging devices, or sterilization units.",109.35,267277,6665,21,
108,dental_clinic,arc,4,What type of flooring is used in the sterilization room?,This information is not available in the BIM model.,,0.0,0,0,0,"GraphRecursionError: Recursion limit of 120 reached without hitting a stop condition. You can increase the limit by setting the `recursion_limit` config key.
For troubleshooting, visit: https://docs.langchain.com/oss/python/langgraph/errors/GRAPH_RECURSION_LIMIT"
109,dental_clinic,arc,1,What is the wall finishing material in treatment room 1D34?,The wall finishing material in treatment room 1D34 is plasterboard.,"The wall finishing material in treatment room 1D34 is **Plasterboard**.

This is determined from the walls bounding space 1D34 (walls with IDs 183, 347, 1200, 1268), which are interior partition walls with a material layer set containing:
- **Plasterboard** (16mm thickness) - visible finish layer
- Metal - Stud Layer (92mm)
- Plasterboard (16mm thickness) - other side

The Plasterboard is the surface material visible on both faces of these interior walls (from the IfcMaterialLayerSet #39998 associated with these walls via `ifcopenshell.util.element.get_material()`).",141.73,335042,5583,25,
110,dental_clinic,arc,1,What type of ceiling system is installed in office areas?,The office areas are equipped with an acoustic ceiling tile (ACT) system featuring 600 mm x 600 mm grid panels.,"The ceiling system installed in office areas is a **suspended acoustic tile (ACT) ceiling** with a 600×600mm grid pattern.

Based on the model data (250 ceiling coverings of type `IfcCovering` with `PredefinedType=CEILING`):

- **Compound Ceiling:ACT 600 x 600mm Grid**: 220 instances (88%) — this is the dominant ceiling system throughout the building
- **Compound Ceiling:Gypsum Board**: 30 instances (12%) — used in select areas

Office spaces (23 rooms identified by name and OmniClass category `13-15 11 34 11: Office`) are distributed across **First Floor** and **Second Floor**. On these floors:

- **Second Floor**: 98% of ceilings are the ACT 600×600mm Grid system
- **First Floor**: 88% of ceilings are the ACT 600×600mm Grid system

The ACT system has a thickness of 52mm (from `Pset_CoveringCommon.TotalThickness`) and is installed at a height offset of 2.68m from each floor level.

Assuming offices follow the same distribution as the overall floor area (since no separate ceiling-to-space assignment exists in the model), the **suspended acoustic tile ceiling with 600×600mm grid** is the standard ceiling system in office areas.",162.43,558735,7719,29,
111,dental_clinic,arc,4,"What is the total square meters of specialty flooring needed for the Labs, and could you provide a breakdown by individual laboratory space?","The information is not directly available in the BIM model and cannot be exactly calculated, as the labs are not clearly identified.

However, the specialty flooring required for the labs can be estimated at around 106 square meters. This includes 4 spaces identified as laboratories:
- 1B04: 53.59 m¬² (Laboratory function)
- 2C17: 30.56 m¬² (Laboratory)
- 2C16: 11.16 m¬² (Laboratory function)
- 1D12: 10.21 m¬² (Laboratory)","I cannot determine the total square meters of specialty flooring needed for the Labs as this information is not available in the model.

After exhaustive exploration of the IFC model (IFC2X3 schema):

**What was searched and found:**
- No `IfcCovering` elements with `PredefinedType = FLOOR` exist (all 250 coverings are of type CEILING)
- No material or property data indicates epoxy, resinous, or other specialty flooring finishes
- No floor layer sets or construction assemblies for lab flooring exist
- Property sets contain no flooring-related keywords (epoxy, sealant, terrazzo, etc.)

**What is available:**
The model contains **GSA BIM Area** quantities for 4 laboratory spaces (classified as ""Laboratory"" via OmniClass category 13-15 11 24 11):

| Space | Space Number | GSA BIM Area (m²) |
|-------|-------------|-------------------|
| LAB | 1B04 | 53.59 m² |
| PROSTH. LAB | 2C17 | 30.56 m² |
| CERAMIC LAB | 2C16 | 11.16 m² |
| SPECIMEN COLL. LAB | 1D12 | 10.21 m² |
| **Total** | | **105.51 m² |

Assuming ""specialty flooring"" refers to the entire floor area of these laboratory spaces, the total would be approximately **105.51 m²** based on the GSA BIM Area quantities. However, the model does not explicitly specify any specialty flooring material or finish designation for these spaces.",115.87,715491,6430,25,
112,dental_clinic,arc,4,"What is the sound transmission class (STC) rating between treatment rooms? If this information is not directly available in the BIM model, what are the typical STC ratings for similar partition wall constructions?","The information is not directly available in the BIM model and cannot be exactly calculated, as the BIM model does not provide a direct measurement of the sound transmission class (STC) rating between treatment rooms. 

However, typical partition walls consisting of two 16-mm plasterboard panels and a 92-mm metal stud usually achieve an STC of 38 to 40 dB assuming the cavity is not filled with acoustic material.","Based on my thorough exploration of the dental clinic BIM model, I can provide the following findings:

## STC Rating Directly in the Model

**STC ratings are not explicitly defined in this BIM model.** I searched all 14,432 property sets and 6,629 individual properties for any sound transmission, acoustic, or STC-related data — none was found.

## Wall Construction Between Treatment Rooms

Based on the model's material and construction data:

| Wall Type | Construction | Thickness |
|-----------|-------------|-----------|
| **Interior Partition (92mm Stud)** | 2× 16mm Plasterboard + 92mm Metal Stud | 124mm |
| Interior Furring (38mm Stud) | Plasterboard + 38mm Metal Stud | 54mm |
| Interior Furring (152mm Stud) | Plasterboard + 152mm Metal Stud | 168mm |
| **Rated 1-HR (92mm Stud)** | 2× 16mm Type-X Plasterboard + 92mm Metal Stud | 124mm |

The standard partition walls between treatment rooms (e.g., between ""GEN. DENT. DTR #4"" through #10, ""OH DTR #1-3"", and ""TRMT ROOM"") are of type **""Interior - Partition (92mm Stud)""** — 466 walls in total.

## Typical STC Ratings for These Constructions

Based on industry standards (Gypsum Association, sound assembly catalogs):

| Construction Type | Typical STC Rating |
|------------------|-------------------|
| **92mm (3-5/8"") metal stud + 2 layers 16mm (5/8"") gypsum board each side** | **STC 45-50** |
| 92mm metal stud + 1 layer gypsum board each side | STC 36-39 |
| 152mm (6"") metal stud + 2 layers gypsum board each side | STC 50-55 |

**Assumption:** The model shows standard 16mm plasterboard (not Type-X fire-rated board) on 92mm studs, which typically provides **STC 45-47** based on published sound transmission data for similar metal-stud partition assemblies.

For higher privacy requirements between dental treatment rooms (where equipment noise may be a concern), a **STC 50+ rating** would typically require:
- Adding insulation (mineral wool) in the cavity
- Using double layers of gypsum board
- Increasing stud depth to 152mm (6"")

The model does not specify whether insulation was included in the stud cavities.",86.02,311486,5866,21,
113,dental_clinic,arc,2,Are the interior walls load bearing?,"No, the interior walls are not load bearing.","**No, the interior walls are not load bearing.**

All 1,000 interior walls (classified as ""Basic Wall:Interior - Partition (92mm Stud)"") have `LoadBearing: False` in `Pset_WallCommon` (verified from model data).",15.39,43266,1067,4,
114,dental_clinic,arc,4,Can you determine whether the windows are single or double glazed based on the available BIM model data?,"The information is not directly available in the BIM model and cannot be exactly calculated, as the BIM model does not directly specify whether the windows are single or double glazed.

However, based on a 19 mm inset depth, they appear to be double glazed.","**I cannot determine whether the windows are single or double glazed based on the available BIM model data.**

The model contains 58 windows and 1 window style (`1735 x 1000mm`), but the glazing configuration is not specified:

- The property `PSet_Revit_Type_Materials and Finishes.Glass Pane Material` is set to `""Glass""` — a generic material name with no specification of pane count.
- The property `PSet_Revit_Type_Other.GlazingAreaFraction` contains only the placeholder value `""GlazingAreaFraction""` (not an actual numeric value).
- The single `IfcWindowStyle` has no Description, ApplicableOccurrence, or any other attribute that would indicate glazing type.
- The model uses IFC2X3 schema, which does not include structured fields for glazing configuration (e.g., `NumberOfPane` or `GlazingType` existed only in later IFC versions like IFC4).

All 58 windows share the same generic ""Glass"" material designation with no differentiation between single, double, or triple glazing. The actual glazing configuration would need to be added through a custom property or must be sourced from external documentation.",35.24,188494,3822,11,
115,dental_clinic,arc,3,What is the estimated area of office space in the building in square meters?,"The information is not directly available in the BIM model and cannot be exactly calculated, as the office spaces are not clearly identified.

However, the area of office space in the building can be estimated at around 675 square meters. This includes 38 spaces that are explicitly labeled as 'Office' in their function description.","The estimated total office space area in the building is **333.27 m²**, based on 23 spaces identified as offices from their long names (counted from `model.by_type('IfcSpace')` and areas extracted from quantity sets via `ifcopenshell.util.element.get_psets()`).",21.57,50120,1186,5,
116,dental_clinic,arc,2,How many toilet rooms are there on the second floor?,There are 8 toilet rooms on the second floor.,"There are **8 toilet rooms (restrooms) on the second floor**, identified by their ""Restroom"" classification (OmniClass 13-41 11 14 21):

| Space ID | 
|----------|
| 2B22 |
| 2B5 |
| 2B6 |
| 2C07 |
| 2C08 |
| 2C23 |
| 2C24 |
| 2D13 |

Source: Identified from `PSet_Revit_Identity Data` property set on `IfcSpace` elements, using the `OmniClass Table 13 Category` attribute equal to ""13-41 11 14 21: Restroom"", filtered to those whose containing story is ""Second Floor"" (via `IfcRelAggregates` decomposition relationship).",35.69,108188,1728,7,
117,dental_clinic,arc,2,What is the floor to floor height between the first and the second floor?,The floor-to-floor height between the first and second floors is 4.57 m.,"The floor-to-floor height between the First Floor and Second Floor is **4.57 m** (computed as the elevation difference: 4.57 m − 0.0 m, from `IfcBuildingStorey.Elevation` values).",8.49,14567,281,1,
118,dental_clinic,arc,1,What are the dimensions of the window with guid 0otfaO0qPDAhynjJ6DmgH8?,The window with GUID 0otfaO0qPDAhynjJ6DmgH8 has a height of 1.735 m and a width of 1.0 m.,"The window has dimensions of **1735 mm × 1000 mm** (1.735 m × 1.0 m).

This is confirmed by:
- Window name: `M_Fixed:1735 x 1000mm` (from `IfcWindow.Name`)
- `PSet_Revit_Type_Dimensions` property set: `Height = 1.735`, `Width = 1.0`
- Window type name: `1735 x 1000mm`",12.18,31622,941,3,
119,dental_clinic,arc,3,Which rooms are connected to room 1B07?,Room 1B07 is connected only to room 1BC2 (a corridor).,"Room **1B07** (labeled ""DRESS"") is connected to the following rooms via **IfcRelSpaceBoundary** physical boundaries:

| Adjacent Room | Connection Type | Element |
|---------------|-----------------|---------|
| **1BC2** | Door | M_Single-Flush:0915 x 2134mm |
| **1B05** | Wall | Basic Wall:Interior - Partition (92mm Stud):179359, 180953 |
| **1B09** | Wall | Basic Wall:Interior - Partition (92mm Stud):180854, 179554 |
| **1BC2** | Wall | Basic Wall:Interior - Partition (92mm Stud):180854, 179359 |
| **1B01** | Wall | Basic Wall:Interior - Partition (92mm Stud):179359 |
| **1B03** | Wall | Basic Wall:Interior - Partition (92mm Stud):179359 |
| **1B04** | Wall | Basic Wall:Interior - Partition (92mm Stud):179554 |
| **1B11** | Wall | Basic Wall:Interior - Partition (92mm Stud):179554 |
| **1AC1** | Wall | Basic Wall:Interior - Partition (92mm Stud):179359 |

**8 unique rooms** are connected to 1B07: **1AC1, 1B01, 1B03, 1B04, 1B05, 1B09, 1B11, 1BC2**.",44.8,158052,2764,12,
120,dental_clinic,arc,3,Which rooms are adjacent to room 1B07?,"Rooms 1B09, 1BC2, 1B05, and 1B04 are adjacent to room 1B07.","Based on space boundaries in the model, **8 rooms are adjacent to room 1B07**:

1. **1B01**
2. **1B04**
3. **1B03**
4. **1B05**
5. **1B09**
6. **1B11**
7. **1BC2**
8. **1AC1**

This was determined by examining the building elements that form the boundaries of space 1B07 (7 wall/element boundaries), then identifying all other spaces bounded by those same building elements via `IfcRelSpaceBoundary` relationships.",20.88,39819,1269,4,
121,dental_clinic,arc,3,What is the size of the tech office on the second floor?,The tech office on the second floor (room 2D18) has an area of 84.8 sqm.,"The tech office on the second floor is **space 2D18**, which has an area of **84.8 m²** (from the GSA BIM Area and Revit Dimensions property sets, both showing 84.802854 m²).",12.92,43530,708,4,
122,dental_clinic,arc,2,how many windows are there in this building?,There are 58 windows in this building.,There are **58 windows** in the building (counted from `IfcWindow` instances in the model).,10.76,29631,426,3,
123,dental_clinic,arc,2,How many doors are there in this building?,There are 254 doors in the building,"There are **254 doors** in this building (counted from `model.by_type('IfcDoor')`).

The model uses IFC2X3 schema -- there are no `IfcDoorStandardCase` subtypes; all instances are `IfcDoor`.",10.12,29746,400,3,
124,dental_clinic,arc,4,Where are the scanning equipments located?,"The information is not directly available in the BIM model and cannot be exactly calculated. However, I found six rooms that could contain scanning equipment:
- 2A13: Scanning/Imaging Room 
- 2A12: Scanning/Imaging Room 
- 1C09: Scanning/Imaging Room 
- 1C16: Scanning/Imaging Room 
- 2A12A: Scanning/Imaging Room 
- 1B15: Scanning/imaging room","Based on my exhaustive search of the IFC model (`arc.ifc`, schema IFC2X3), I cannot determine the location of scanning equipment because **no scanning equipment elements exist in the model**.

Here's what I found:

## Diagnostic/Imaging Rooms in the Model
The model contains these spaces related to scanning/imaging:
| Space | Room Name |
|-------|-----------|
| 2A12 | X-RAY |
| 2A12-A | X-RAY ALCOVE |
| 1B19 | RADIOGRAPHIC ROOM |
| 2A13 | DEVELOPING |
| 1B15 | FILM VIEW |
| 1C09 | FUNDUS CAMERA ROOM |

## Contents of These Rooms
Only general furnishings are contained in these spaces:
- **X-RAY (2A12)**: Base cabinet and counter top
- **DEVELOPING (2A13)**: Base cabinet and L-shaped counter top
- **RADIOGRAPHIC ROOM (1B19)**: No elements contained
- Other rooms: No elements contained

## Model Element Classes Present
The model contains only these product classes:
- `IfcWall`, `IfcWallStandardCase`, `IfcSlab`, `IfcDoor`, `IfcWindow`
- `IfcFurnishingElement` (cabinets, counters)
- `IfcFlowTerminal` (grab bars, mirrors, fire extinguishers, elevator)
- `IfcCovering` (ceilings)
- Structural elements (mullions, plates, railings)

**No `IfcEquipmentElement`** or specialized medical imaging equipment instances are present in the model.

This is typical for architectural BIM models where medical equipment may not be modeled, or may be represented only as space designations without specific equipment elements.",105.27,579475,5415,18,
125,dental_clinic,str,4,What is the expected lifespan of the roofing material?,"The explicit lifespan of the roofing material is not specified in the BIM model. However, it is known that the roofing material is an EPDM (Ethylene Propylene Diene Monomer) membrane, typically lasting 25 to 30 years with proper maintenance.","I cannot determine the expected lifespan of the roofing material as this information is not available in the model.

The model contains 19 roof elements in two types:
- 7 roofs with ""EPDM Membrane on Rigid Insulation on Metal Deck"" assembly (3 layers: 6mm EPDM membrane, 76mm rigid insulation, 38mm metal decking)
- 5 roofs with ""Standing Seam Metal Roof"" (330mm thickness)

A property named `ExpectedLife` exists in `PSet_Revit_Type_Other` for these elements, but its value is an unfilled placeholder (`""ExpectedLife""` — the property name repeated as a string rather than an actual numeric value). No warranty duration, service life, or durability data has been populated in any property set or material definition.",79.45,242146,5043,15,
126,dental_clinic,str,4,What is the total gross floor area of the dental clinic?,"The information is not directly available in the BIM model and cannot be exactly calculated. However, the total gross floor area of the dental clinic is estimated to be around 4,574 square meters.","The total gross floor area of the dental clinic is **6935.80 m²**.

This is computed from the sum of space areas (from `PSet_Revit_Dimensions.Area` property) of all 269 `IfcSpace` elements in the architectural model (`arc.ifc`):

| Level | Area | Spaces |
|-------|------|--------|
| First Floor | 2605.74 m² | 154 |
| Second Floor | 2509.53 m² | 109 |
| Roof - Main | 1820.53 m² | 6 |

The roof-level spaces include mechanical/equipment rooms and some multi-height spaces that extend into the roof level. The structural model (`str.ifc`) does not contain space definitions, so the architectural model was used for this calculation.",139.17,427691,8172,30,
127,dental_clinic,str,3,What is the UFA ?,"The total usable floor area (UFA) is 2,981.73 sqm.","The **UFA (Useful Floor Area)** for the dental clinic is **6,935.8 m²**.

This is calculated from the `GSA BIM Area` property across all 269 `IfcSpace` elements in the architectural model (`arc.ifc`) (from `psets['GSA Space Areas']['GSA BIM Area']` summed for each space).",54.09,181674,3347,17,
128,dental_clinic,str,4,What is the GFA ?,"The information is not directly available in the BIM model and cannot be exactly calculated.

However, the total gross floor area (GFA) is estimated to be around 5,077 sqm.","The **Gross Floor Area (GFA)** of the dental clinic building is **6,935.80 m²**.

This is derived from the sum of all ""GSA BIM Area"" property values from the 269 spaces in the architectural model (arc.ifc), broken down by level:

| Level | GFA (m²) | Spaces |
|-------|----------|--------|
| First Floor | 2,605.74 | 154 |
| Second Floor | 2,509.53 | 109 |
| Roof - Main | 1,820.53 | 6 |
| **Total** | **6,935.80** | **269** |

*(Source: `GSA Space Areas.GSA BIM Area` property from `IfcSpace` elements in arc.ifc)*",58.05,334328,5448,23,
129,dental_clinic,str,4,What is the ratio of UFA to GFA?,"The information is not directly available in the BIM model and cannot be exactly calculated.

However, the ratio of usable floor area (UFA) to gross floor area (GFA) is estimated to be around 0.58.","Based on my exhaustive search of the dental clinic IFC models (arc.ifc, mep.ifc, and str.ifc), **UFA and GFA are not explicitly defined as separate properties in the model**.

The model contains 269 spaces with area data:
- **GSA BIM Area**: 6,935.80 m² (from `GSA Space Areas` quantity set on all spaces)
- **Revit Dimensions Area**: 6,935.80 m² (from `PSet_Revit_Dimensions`)

Both values are identical, representing net floor area measured at the space boundaries. The model does not contain:
- Any property sets or quantities explicitly named ""UFA"" or ""GFA""
- Wall thickness data or gross floor area calculations
- Space boundaries (IfcSpaceBoundary) that would enable GFA calculation

**I cannot determine the UFA/GFA ratio as this information is not available in the model.** The only floor area data present is the net area of individual spaces (GSA BIM Area = 6,935.80 m² total), but no corresponding gross floor area figure exists.",117.71,321857,7803,24,
130,dental_clinic,str,4,What is the fire rating of the walls between treatment rooms?,This information is not available in the BIM model.,"All 26 walls in this structural model (`str.ifc`) are **foundation walls** (""Basic Wall:Foundation - Concrete (264mm/300mm)""), all classified as `LoadBearing` structural concrete walls located at or below the First Floor level. None of the property sets (`Pset_WallCommon`, `PSet_Revit_Type_Other`, etc.) contain fire rating data — the `Pset_WallCommon` attributes are limited to `Reference`, `LoadBearing`, `ExtendToStructure`, and `IsExternal`.

I cannot determine the fire rating of walls between treatment rooms as **interior partition walls do not exist in this structural model** (the file name `str.ifc` confirms it's the structural-only model; interior walls would be in the architectural model).",24.36,56193,897,5,
131,dental_clinic,str,1,"Could you provide a breakdown of all steel column types in the structural model, including their dimensions?","The structural model contains two types of steel wide flange columns with the following dimensions:

**W150X22.5 Columns:**
- Depth: 152 mm
- Width: 152 mm
- Web thickness: 5.8 mm
- Flange thickness: 6.6 mm

**W250X67 Columns:**
- Depth: 257 mm
- Width: 204 mm
- Web thickness: 8.9 mm
- Flange thickness: 15.7 mm

The W250X67 columns are the larger main structural columns, while the W150X22.5 columns are smaller secondary columns. These dimensions are from the PSet_Revit_Type_Dimensions property set in the IFC model.","## Steel Column Types in the Structural Model

Based on the IFC2X3 structural model (`str.ifc`), there are **195 total column instances** across **3 unique column types**:

| Type Name | Count | Profile Shape | Dimensions (cross-section) | Material |
|-----------|-------|---------------|---------------------------|----------|
| **W250X67** | 129 | Wide-flange (I-shape) | ~204mm × 257mm* | Steel |
| **W150X22.5** | 30 | Wide-flange (I-shape) | ~152mm × 152mm* | Steel |
| **400 x 400mm** | 36 | Rectangle | 400mm × 400mm | Concrete (not steel) |

*Dimensions extracted from geometry triangulation (bounding box of mesh vertices).

### Notes on the W-section columns:

- **W250X67**: Name indicates nominal 250mm depth, 67 kg/m mass. Geometry shows approximately 204mm (flange) × 257mm (depth). This corresponds to an AISC W14 (metric approximation) wide-flange section.

- **W150X22.5**: Name indicates nominal 150mm depth, 22.5 kg/m mass. Geometry shows approximately 152mm × 152mm cross-section. This corresponds to an AISC W6 wide-flange section.

- **400 x 400mm**: These are reinforced concrete columns, not steel. Dimensions confirmed as 400mm × 400mm from both geometry and profile definition.

Total steel columns (W-shapes): **159 instances** (129 + 30).",111.27,402569,8879,30,
132,dental_clinic,str,4,What is the structural concept of the building?,The structural concept of the building is a steel frame with concrete slabs.,"Based on my exploration of the structural model (`str.ifc`), here's the structural concept:

## Structural System: Steel Moment Frame with Composite Floor Deck

### Vertical Load-Resisting Elements
- **Steel columns**: 159 instances
  - W250X67 (wide flange, primary): 129 columns
  - W150X22.5 (wide flange, secondary): 30 columns
- **Concrete columns**: 36 instances (400×400 mm)

### Horizontal Load-Resisting Elements
- **Steel beams**: 738 instances
  - W460X60 (wide flange, primary beams): 277
  - 14K1 (steel joists): 456
  - 10K1 (steel joists): 5
- All beams are steel (Grade 345 MPa), with connection properties indicating a **moment-resisting frame** system (pinned start, fixed end releases observed in analytical model)

### Floor System
- **Composite steel deck**: 64mm lightweight concrete on 38mm metal deck (2 instances)
- **Slab on grade**: 150mm concrete (3 instances)
- **Exterior slab on grade**: 150mm concrete (1 instance)

### Foundation
- **Strip footings**: 96 bearing footings (900×300 mm)
- **Foundation walls**: 26 concrete walls (264mm and 300mm thick)

### Roof System
- **Metal deck roofs**: 7 with EPDM membrane, 5 with standing seam metal roofing

### Building Levels
- 3 above-grade levels (First Floor, Second Floor, Roof - Main)
- 1 below-grade level (TOF Footing)

The structural concept is a **steel moment frame** with composite steel deck floors, supported by a combination of steel wide-flange columns and some concrete columns, all founded on strip footings and foundation walls. (Counted from `model.by_type('IfcBeam')`, `IfcColumn`, `IfcSlab`, `IfcFooting`, `IfcWallStandardCase`).)",87.83,353069,5679,22,
133,dental_clinic,str,1,What are the foundations made of?,The foundations are made of cast-in-place reinforced concrete.,"The foundations are made of **Concrete - Cast In Situ**.

Based on the model (96 IfcFooting elements):

- **74 rectangular pad footings** (M_Footing-Rectangular: 2000 x 2000 x 300mm): Material specified in `PSet_Revit_Materials and Finishes.Footing Material` property
- **22 strip footings** (Wall Foundation:Bearing Footing - 900 x 300): Material specified in `PSet_Revit_Type_Materials and Finishes.Material` property

Both property sets consistently indicate **Concrete - Cast In Situ** as the foundation material.",74.6,379200,5251,18,
134,dental_clinic,str,3,What is the volume of concrete required for the foundation?,The volume of concrete required for the foundation is 167.61 m¬≥.,"The total concrete volume required for the foundation is **146.15 m³**.

This consists of:
- **22 Wall Foundation footings** (various sizes) with explicit Volume property totaling 60.05 m³
- **74 M_Footing-Rectangular isolated footings** (2000×2000×300mm), volume calculated from dimensions (Width × Length × Thickness) as 86.10 m³

(Sourced from `PSet_Revit_Dimensions.Volume` for wall foundations and `PSet_Revit_Type_Dimensions` (Width, Length, Thickness) for rectangular footings, counted from `model.by_type('IfcFooting')`.)",62.87,181942,4025,16,
469,fantasy_residential_building_1,arc,1,What is the project information and location for this building?,"Note: The data stored for project information and building name are incomplete. However, the building design and furniture indicates a residential building.

Project Information:
   - Project Name: Projektnummer
   - Project Description: Not specified

   Location Information:
   - Site Name: Default
   - Latitude: 48° 8' 20""
   - Longitude: 11° 34' 48""","Based on the IFC model, here's the project and location information:

## Project Information

| Field | Value |
|-------|-------|
| **Project Number (Name)** | Projektnummer |
| **Project Long Name** | Projektname |
| **Phase** | Projektstatus |
| **GlobalId** | 1eiu3E57r1_BvhxCU3JGsP |
| **Authoring Software** | Autodesk Revit 2025 (DEU) |

## Location

| Field | Value |
|-------|-------|
| **Site Name** | Default |
| **Country** | Deutschland (Germany) |

### Geographic Coordinates:
- **Latitude:** 48° 8' 20.852966"" (from `site.RefLatitude`)
- **Longitude:** 11° 34' 48.669204"" (from `site.RefLongitude`)
- **Elevation:** 0.0 m (from `site.RefElevation`)

### Address Details:
The postal address contains only placeholder values:
- Address line: ""Projektadresse""
- Postal code and city fields are empty

**Note:** The coordinates (48.14°N, 11.58°E) place the project in the Munich area of Germany. However, the postal address fields appear to be unfilled, containing only placeholder text rather than a complete street address.",46.15,98105,3437,10,
470,fantasy_residential_building_1,arc,1,Which software and modeling standards were applied?,"Software Information:
   - Application: Autodesk Revit 2025 (DEU)
   - Version: 2025

   Modeling Standards:
   - IFC Schema: IFC4","Based on my exploration of the model, here is the information about the software and modeling standards applied:

## Authoring Software

- **Software:** Autodesk Revit 2025 (DEU) (from `IfcApplication.ApplicationFullName`)
- **Version:** 2025
- **IFC Export:** Revit (ApplicationIdentifier)

## IFC Schema

- **Schema version:** IFC4

## Modeling Standards Applied

### Classification System
- **UniFormat** (CSI - Construction Specifications Institute)
- **Edition:** 1998

### Geometric Representation
The model uses multiple representation contexts:
- **Axis** - Graphical view (`GRAPH_VIEW`)
- **Body** - Model view (`MODEL_VIEW`)
- **Box** - Model view (`MODEL_VIEW`)
- **FootPrint** - Model view (`MODEL_VIEW`)
- **Precision:** 1e-05

### Units
- **Length:** METRE (SI unit)
- **Area:** SQUARE_METRE (SI unit)
- **Angle:** DEGREE (Conversion-based unit)
- **Derived units:** Volumetric flow rate unit, Thermal transmittance unit

### Property Sets (Common Standards Used)
The model uses standard IFC property sets for building elements:
- `Pset_WallCommon`, `Pset_SlabCommon`, `Pset_DoorCommon`, `Pset_WindowCommon`
- `Pset_ColumnCommon`, `Pset_BeamCommon`, `Pset_RoofCommon`
- `Pset_SpaceCommon`, `Pset_BuildingStoreyCommon`
- `Pset_EnvironmentalImpactIndicators`
- `Pset_ManufacturerTypeInformation`

### Material Standards
Material naming follows German standards (DIN):
- ""Beton - C 25/30 (DIN 1045-1)""
- ""Beton - C 20/25 (DIN 1045-1)""
- ""StB - Sichtbeton"" (visible concrete)

The model was authored in **Autodesk Revit 2025** using **IFC4** schema, with **UniFormat 1998** classification system, following standard IFC property conventions and German material standards (DIN).",74.84,212008,6913,18,
471,fantasy_residential_building_1,arc,3,"What is the space breakdown by level, with individual room areas?","Space Breakdown by Level:

   Ground Floor (Elevation: 0.00m):
   - Number of spaces: 19
   - Total area: 372.10 sq m
   - Individual spaces:
     • Space 1: Lobby (21.27 sq m)
     • Space 10: Utility room (9.42 sq m)
     • Space 11: Stairwell 2 (20.48 sq m)
     • Space 12: Wardrobe (18.07 sq m)
     • Space 13: Toilet (4.33 sq m)
     • Space 14: Kitchen and Dining room (38.45 sq m)
     • Space 15: Living room (36.53 sq m)
     • Space 16: Bedroom (26.42 sq m)
     • Space 17: Office (8.18 sq m)
     • Space 18: Bathroom (13.37 sq m)
     • Space 19: Utility room (9.42 sq m)
     • Space 2: Stairwell 1 (20.81 sq m)
     • Space 3: Wardrobe (18.07 sq m)
     • Space 4: Toilet (4.33 sq m)
     • Space 5: Kitchen and Dining room (38.45 sq m)
     • Space 6: Living room (36.53 sq m)
     • Space 7: Bedroom (26.42 sq m)
     • Space 8: Office (8.18 sq m)
     • Space 9: Bathroom (13.37 sq m)

   First Floor (Elevation: 3.40m):
   - Number of spaces: 18
   - Total area: 487.10 sq m
   - Individual spaces:
     • Space 20: Wardrobe (18.07 sq m)
     • Space 21: Toilet (4.34 sq m)
     • Space 22: Kitchen and Dining room (38.47 sq m)
     • Space 23: Living room (36.55 sq m)
     • Space 24: Bedroom (26.42 sq m)
     • Space 25: Office (8.18 sq m)
     • Space 26: Bathroom (13.37 sq m)
     • Space 27: Utility room (9.42 sq m)
     • Space 28: Wardrobe (18.07 sq m)
     • Space 29: Toilet (4.34 sq m)
     • Space 30: Kitchen and Dining room (38.47 sq m)
     • Space 31: Living room (36.55 sq m)
     • Space 32: Bedroom (26.42 sq m)
     • Space 33: Office (8.18 sq m)
     • Space 34: Bathroom (13.37 sq m)
     • Space 35: Utility room (9.42 sq m)
     • Space 50: Balcony 1 (88.74 sq m)
     • Space 51: Balcony 2 (88.72 sq m)

   Second Floor (Elevation: 6.80m):
   - Number of spaces: 20
   - Total area: 541.88 sq m
   - Individual spaces:
     • Space 36: Wardrobe (18.07 sq m)
     • Space 37: Toilet (4.34 sq m)
     • Space 38: Kitchen and Dining room (38.47 sq m)
     • Space 39: Living room (36.55 sq m)
     • Space 40: Bedroom (26.42 sq m)
     • Space 41: Office (8.18 sq m)
     • Space 42: Bathroom (13.37 sq m)
     • Space 43: Wardrobe (18.07 sq m)
     • Space 44: Toilet (4.34 sq m)
     • Space 45: Kitchen and Dining room (38.47 sq m)
     • Space 46: Living room (36.55 sq m)
     • Space 47: Bedroom (26.42 sq m)
     • Space 48: Office (8.18 sq m)
     • Space 49: Bathroom (13.37 sq m)
     • Space 52: Balcony 3 (88.92 sq m)
     • Space 53: Balcony 4 (13.75 sq m)
     • Space 54: Balcony 5 (13.86 sq m)
     • Space 55: Balcony 6 (89.85 sq m)
     • Space 56: Balcony 7 (23.71 sq m)
     • Space 57: Balcony 8 (shared balcony) (20.99 sq m)","## Space Breakdown by Level

### Ground Floor (372.10 m²)
| Room | Area |
|------|------|
| Lobby | 21.27 m² |
| Stairwell 1 | 20.81 m² |
| Stairwell 2 | 20.48 m² |
| Wardrobe (×2) | 18.07 m² each |
| Kitchen and Dining room (×2) | 38.45 m² each |
| Living room (×2) | 36.53 m² each |
| Bedroom (×2) | 26.42 m² each |
| Office (×2) | 8.18 m² each |
| Utility room (×2) | 9.42 m² each |
| Bathroom (×2) | 13.37 m² each |
| Toilet (×2) | 4.33 m² each |

### First Floor (487.10 m²)
| Room | Area |
|------|------|
| Balcony 1 | 88.74 m² |
| Balcony 2 | 88.72 m² |
| Wardrobe (×2) | 18.07 m² each |
| Kitchen and Dining room (×2) | 38.47 m² each |
| Living room (×2) | 36.55 m² each |
| Bedroom (×2) | 26.42 m² each |
| Office (×2) | 8.18 m² each |
| Utility room (×2) | 9.42 m² each |
| Bathroom (×2) | 13.37 m² each |
| Toilet (×2) | 4.34 m² each |

### Second Floor (541.88 m²)
| Room | Area |
|------|------|
| Balcony 6 | 89.85 m² |
| Balcony 3 | 88.92 m² |
| Balcony 7 | 23.71 m² |
| Balcony 4 | 13.75 m² |
| Balcony 5 | 13.86 m² |
| Balcony 8 (shared) | 20.99 m² |
| Wardrobe (×2) | 18.07 m² each |
| Kitchen and Dining room (×2) | 38.47 m² each |
| Living room (×2) | 36.55 m² each |
| Bedroom (×2) | 26.42 m² each |
| Office (×2) | 8.18 m² each |
| Bathroom (×2) | 13.37 m² each |
| Toilet (×2) | 4.34 m² each |

### Roof
No spaces defined.

---

*Source: Areas from `Pset_SpaceCustom.Area` property for each `IfcSpace` instance, level assignment from `Pset_SpaceCustom.Ebene` (with placement hierarchy fallback).*",99.87,242754,5277,18,
472,fantasy_residential_building_1,arc,2,"What are all the spaces on ground floor, with their areas?","Ground Floor Spaces:
   - Total spaces: 19
   - Total area: 372.10 sq m

   Detailed space list:
   - Space 1: Lobby (21.27 sq m)
   - Space 10: Utility room (9.42 sq m)
   - Space 11: Stairwell 2 (20.48 sq m)
   - Space 12: Wardrobe (18.07 sq m)
   - Space 13: Toilet (4.33 sq m)
   - Space 14: Kitchen and Dining room (38.45 sq m)
   - Space 15: Living room (36.53 sq m)
   - Space 16: Bedroom (26.42 sq m)
   - Space 17: Office (8.18 sq m)
   - Space 18: Bathroom (13.37 sq m)
   - Space 19: Utility room (9.42 sq m)
   - Space 2: Stairwell 1 (20.81 sq m)
   - Space 3: Wardrobe (18.07 sq m)
   - Space 4: Toilet (4.33 sq m)
   - Space 5: Kitchen and Dining room (38.45 sq m)
   - Space 6: Living room (36.53 sq m)
   - Space 7: Bedroom (26.42 sq m)
   - Space 8: Office (8.18 sq m)
   - Space 9: Bathroom (13.37 sq m)","**Ground Floor Spaces (19 total):**

| Space | Area (m²) |
|-------|-----------|
| Lobby | 21.27 |
| Stairwell 1 | 20.81 |
| Wardrobe | 18.07 |
| Toilet | 4.33 |
| Kitchen and Dining room | 38.45 |
| Living room | 36.53 |
| Bedroom | 26.42 |
| Office | 8.18 |
| Bathroom | 13.37 |
| Utility room | 9.42 |
| Stairwell 2 | 20.48 |
| Wardrobe | 18.07 |
| Toilet | 4.33 |
| Kitchen and Dining room | 38.45 |
| Living room | 36.53 |
| Bedroom | 26.42 |
| Office | 8.18 |
| Bathroom | 13.37 |
| Utility room | 9.42 |

*Source: Areas from `Pset_SpaceCustom.Area` property, names from `Pset_SpaceCommon.Reference` and `Pset_SpaceCustom.Name`.*",31.17,147062,2917,10,
473,fantasy_residential_building_1,arc,3,"What are all the spaces on level 1, with their areas?","First Floor Spaces:
   - Total spaces: 18
   - Total area: 487.10 sq m

   Detailed space list:
   - Space 20: Wardrobe (18.07 sq m)
   - Space 21: Toilet (4.34 sq m)
   - Space 22: Kitchen and Dining room (38.47 sq m)
   - Space 23: Living room (36.55 sq m)
   - Space 24: Bedroom (26.42 sq m)
   - Space 25: Office (8.18 sq m)
   - Space 26: Bathroom (13.37 sq m)
   - Space 27: Utility room (9.42 sq m)
   - Space 28: Wardrobe (18.07 sq m)
   - Space 29: Toilet (4.34 sq m)
   - Space 30: Kitchen and Dining room (38.47 sq m)
   - Space 31: Living room (36.55 sq m)
   - Space 32: Bedroom (26.42 sq m)
   - Space 33: Office (8.18 sq m)
   - Space 34: Bathroom (13.37 sq m)
   - Space 35: Utility room (9.42 sq m)
   - Space 50: Balcony 1 (88.74 sq m)
   - Space 51: Balcony 2 (88.72 sq m)","Based on the IFC model, here are all 19 spaces on Level 1 (Ground Floor, elevation 0.0 m):

| Space Name | Number | Area (m²) |
|------------|--------|-----------|
| Lobby | 1 | 21.27 |
| Stairwell 1 | 2 | 20.81 |
| Wardrobe | 3 | 18.07 |
| Toilet | 4 | 4.33 |
| Kitchen and Dining room | 5 | 38.45 |
| Living room | 6 | 36.53 |
| Bedroom | 7 | 26.42 |
| Office | 8 | 8.18 |
| Bathroom | 9 | 13.37 |
| Utility room | 10 | 9.42 |
| Stairwell 2 | 11 | 20.48 |
| Wardrobe | 12 | 18.07 |
| Toilet | 13 | 4.33 |
| Kitchen and Dining room | 14 | 38.45 |
| Living room | 15 | 36.53 |
| Bedroom | 16 | 26.42 |
| Office | 17 | 8.18 |
| Bathroom | 18 | 13.37 |
| Utility room | 19 | 9.42 |

**Total Ground Floor area: 362.09 m²**

The spaces appear to be organized in 9 units (1-11, 12-19), each with similar room types. Areas were retrieved from the `Area` property in the space property sets.",27.28,128876,2963,10,
474,fantasy_residential_building_1,arc,3,"What are all the spaces on level 2, with their areas?","Second Floor Spaces:
   - Total spaces: 20
   - Total area: 541.88 sq m

   Detailed space list:
   - Space 36: Wardrobe (18.07 sq m)
   - Space 37: Toilet (4.34 sq m)
   - Space 38: Kitchen and Dining room (38.47 sq m)
   - Space 39: Living room (36.55 sq m)
   - Space 40: Bedroom (26.42 sq m)
   - Space 41: Office (8.18 sq m)
   - Space 42: Bathroom (13.37 sq m)
   - Space 43: Wardrobe (18.07 sq m)
   - Space 44: Toilet (4.34 sq m)
   - Space 45: Kitchen and Dining room (38.47 sq m)
   - Space 46: Living room (36.55 sq m)
   - Space 47: Bedroom (26.42 sq m)
   - Space 48: Office (8.18 sq m)
   - Space 49: Bathroom (13.37 sq m)
   - Space 52: Balcony 3 (88.92 sq m)
   - Space 53: Balcony 4 (13.75 sq m)
   - Space 54: Balcony 5 (13.86 sq m)
   - Space 55: Balcony 6 (89.85 sq m)
   - Space 56: Balcony 7 (23.71 sq m)
   - Space 57: Balcony 8 (shared balcony) (20.99 sq m)","Here are all 18 spaces on level 2 (Second Floor) with their areas:

| Name | Long Name | Area (m²) |
|------|-----------|-----------|
| 36 | Wardrobe | 18.07 |
| 37 | Toilet | 4.34 |
| 38 | Kitchen and Dining room | 38.47 |
| 39 | Living room | 36.55 |
| 40 | Bedroom | 26.42 |
| 41 | Office | 8.18 |
| 42 | Bathroom | 13.37 |
| 43 | Wardrobe | 18.07 |
| 44 | Toilet | 4.34 |
| 45 | Kitchen and Dining room | 38.47 |
| 46 | Living room | 36.55 |
| 47 | Bedroom | 26.42 |
| 48 | Office | 8.18 |
| 49 | Bathroom | 13.37 |
| 52 | Balcony 3 | 88.92 |
| 53 | Balcony 4 | 13.75 |
| 54 | Balcony 5 | 13.86 |
| 55 | Balcony 6 | 89.85 |
| 56 | Balcony 7 | 23.71 |
| 57 | Balcony 8 (shared balcony) | 20.99 |

Total: 18 spaces (12 interior rooms + 6 balconies)

Areas sourced from `Pset_SpaceCustom.Area` property on each `IfcSpace` element on the Second Floor (`IfcBuildingStorey`).",16.16,69063,1997,7,
475,fantasy_residential_building_1,arc,1,What are the heights of the building levels?,"Building Level Heights:

   Level Elevations:
   - Ground Floor: 0.00m above ground
   - First Floor: 3.40m above ground
   - Second Floor: 6.80m above ground
   - Roof: 10.20m above ground","The model contains **4 building levels**:

| Level | Elevation (m) |
|-------|---------------|
| Ground Floor | 0.0 |
| First Floor | 3.4 |
| Second Floor | 6.8 |
| Roof | 10.2 |

Assuming each level spans from one floor to the next, the implied storey height is **3.4 m** (from model.by_type('IfcBuildingStorey') with Elevation attributes).",3.29,14549,453,1,
476,fantasy_residential_building_1,arc,4,How many residential units are in this building?,"Residential Units are not explicitly defined in the model. However, it can be implied that 6 units are present in total, 2 units on each level.","The model contains **6 residential units**.

This is derived from counting unique kitchens (IfcSpace with LongName ""Kitchen and Dining room"") across all floors: 2 per floor × 3 floors = 6 units. Each unit also contains a bedroom, living room, and office, consistent across Ground Floor, First Floor, and Second Floor.",50.87,292404,3820,19,
477,fantasy_residential_building_1,arc,3,What is the typical room configuration found in the residential units?,"Unit Configuration Analysis:
- All residential units seem to follow the same linear plan configuration.

Typical unit configuration:
- Wardrobe
- Toilet
- Kitchen and Dining room
- Living room
- Bedroom
- Office
- Bathroom","Based on my exploration of the model, I can provide the following answer:

---

## Typical Residential Unit Configuration

The model contains **6 residential units** across 3 floors (2 units per floor), with an identical room configuration for each unit:

### Core Rooms (per unit):
| Room Type | Count | Typical Area |
|-----------|-------|--------------|
| Living room | 1 | ~36.5 m² |
| Bedroom | 1 | ~26.4 m² |
| Kitchen and Dining room | 1 | ~38.5 m² |
| Office | 1 | ~8.2 m² |
| Bathroom | 1 | ~13.4 m² |
| Toilet | 1 | ~4.3 m² |
| Wardrobe | 1 | ~18.1 m² |
| Utility room | 1 | ~9.4 m² |

### Shared Areas (per floor, shared between 2 units):
- 1 Lobby (Ground Floor only, ~21.3 m²)
- 2 Stairwells (Ground Floor only)
- 2 balconies (First Floor: ~88.7 m² each; Second Floor: varies)

### Configuration Summary:
Each residential unit follows this pattern:
- **Private entrance** through a wardrobe area
- **Open-plan kitchen and dining room** (~38.5 m²)
- **Living room** adjacent to kitchen (~36.5 m²)
- **Bedroom** with attached bathroom (~26.4 m² + ~13.4 m²)
- **Office/study room** (~8.2 m²)
- **Separate toilet** near the living area (~4.3 m²)
- **Utility room** for laundry/storage (~9.4 m²)

*(Source: IfcSpace entities with LongName and Pset_SpaceCustom properties showing room names and areas)*",62.88,335144,8293,20,
478,fantasy_residential_building_1,arc,2,"Which door types are installed in the building, with their quantities?","Door Types in Building:
   - Total doors: 101

   Door types by quantity:
   - Door-Solar_Innovations-Multi_Track_Sliding_Glass_Door_XO:SI8200: 51 doors (Dimensions: 1.83m × 2.13m)
   - Drehflügel 1-flg - Stahlzarge:88.5 x 2.26: 19 doors (Dimensions: 0.89m × 2.26m)
   - Drehflügel 1-flg - Variabel:Drehflügel 1-flg - Variabel: 12 doors (Dimensions: 1.00m × 2.26m)
   - TU DF 1 - Haustüre:Front Door: 6 doors (Dimensions: 1.14m × 2.43m)
   - Doors_Interior_WUNDERWERK-est-1964_All-glass-door-Burgos_GER:Standard - Bitte laden Sie die Revit Family Type Catalog: 6 doors (Dimensions: 1.04m × 2.12m)
   - TU SF 2 - Lift Zentral:DL - 705 x 2100: 6 doors (Dimensions: 0.95m × 2.52m)
   - ASSA_ABLOY_SemiTransparent_NonHosted:Semi Transparent non hosted: 1 door (Dimensions: 5.63m × 0.23m)","Based on the model's `IfcDoor` instances grouped by their `ObjectType`, there are **7 door types** with a total of **101 doors**:

| Door Type | Quantity |
|-----------|----------|
| `Door-Solar_Innovations-Multi_Track_Sliding_Glass_Door_XO:SI8200` (sliding glass door) | 51 |
| `Drehflügel 1-flg - Stahlzarge:88.5 x 2.26` (single-leaf steel frame door) | 19 |
| `Drehflügel 1-flg - Variabel:Drehflügel 1-flg - Variabel` (single-leaf adjustable door) | 12 |
| `Doors_Interior_WUNDERWERK-est-1964_All-glass-door-Burgos_GER:Standard - Bitte laden Sie die Revit Family Type Catalog` (all-glass interior door) | 6 |
| `TU DF 1 - Haustüre:Front Door` (front door) | 6 |
| `TU SF 2 - Lift Zentral:DL - 705 x 2100` (elevator door) | 6 |
| `ASSA_ABLOY_SemiTransparent_NonHosted:Semi Transparent non hosted` | 1 |

All types have `PredefinedType = DOOR`. The type definitions are in German (e.g., `Drehflügel` = swing door, `Haustüre` = front door). The sliding glass doors (51) dominate, likely for the building's terrace/patio accesses.",12.28,57959,1529,6,
479,fantasy_residential_building_1,arc,2,Which door model has the largest width?,"Largest Door Width:
   - Door type: ASSA_ABLOY_SemiTransparent_NonHosted:Semi Transparent non hosted
   - Width: 5.63m","The door model with the largest width is **ASSA_ABLOY_SemiTransparent_NonHosted** with an OverallWidth of **5.63 m** (563.1 cm).

This door instance (GlobalId: 2A3bYrYLPCFfKR9IrprgvC) stands out significantly from other doors in the model. Here's a comparison:

| Door Model | Width (m) | Width (cm) |
|------------|-----------|------------|
| ASSA_ABLOY_SemiTransparent_NonHosted | 5.63 | 563.1 |
| Door-Solar_Innovations-Multi_Track_Sliding_Glass_Door_XO:SI8200 | 1.83 | 182.9 |
| TU DF 1 - Haustüre:Front Door | 1.14 | 113.5 |
| Doors_Interior_WUNDERWERK-est-1964_All-glass-door | 1.04 | 104.2 |
| Drehflügel 1-flg - Stahlzarge:88.5 x 2.26 | 0.89 | 88.5 |

The ASSA_ABLOY door is roughly 3x wider than the next largest door type (Solar Innovations sliding glass door). The low ""height"" of 0.228 m suggests this is a sliding/folding door system where the 5.63 m dimension represents the total opening width across multiple panels.

Source: `OverallWidth` attribute from 101 door instances (`model.by_type('IfcDoor')`).",26.92,123710,2982,9,
480,fantasy_residential_building_1,arc,2,"Which window types are present in this building, including their sizing and quantities?","Window Types in Building:
   - Total windows: 10

   Window types with sizing:
   - Windows_Opening-Hinge_S9000_Single-leaf-Turn-Tilt-window-with-Sublight:Windows_Opening-Hinge_S9000_Single-leaf-Turn-Tilt-window-with-Sublight: 6 windows
     • Size: 1.22m × 1.55m (width × height)

   - Fenster 2-flg - mit Anschlag:2.01 x 1.01: 4 windows
     • Size: 2.01m × 1.02m (width × height)","## Window Types Summary

Based on analysis of the IFC model, the building has **10 windows** across **2 distinct window types**:

### 1. Turn-Tilt Window (S9000 Series)
- **Type name:** `Windows_Opening-Hinge_S9000_Single-leaf-Turn-Tilt-window-with-Sublight`
- **Quantity:** 6 units (IDs: 158496, 158517, 158641, 158659, 172508, 172526)
- **Sizing:** 1.20 m wide × 1.58 m tall
- **Description:** Single-leaf turn-tilt window with sublight (German manufacturer profile)

### 2. Two-Leaf Window (""Fenster 2-flg - mit Anschlag"")
- **Type name:** `Fenster 2-flg - mit Anschlag:2.01 x 1.01` (German: ""2-leaf window with frame, 2.01 x 1.01 m"")
- **Quantity:** 4 units (IDs: 160370, 160521, 172638, 172653)
- **Sizing:** 2.01 m wide × 1.02 m tall
- **Description:** Two-leaf casement window

### Summary Table
| Window Type | Quantity | Dimensions (W × H) |
|-------------|----------|-------------------|
| S9000 Turn-Tilt with Sublight | 6 | 1.20 m × 1.58 m |
| 2-Leaf Casement 2.01×1.01 | 4 | 2.01 m × 1.02 m |
| **Total** | **10** | — |

Dimensions computed from bounding boxes of 3D geometry (from `ifcopenshell.geom.create_shape`). Units confirmed as metric (METRE) via `IfcUnitAssignment`.",54.55,208809,5974,18,
481,fantasy_residential_building_1,arc,2,"What types of walls are used in the building, with their quantities?","Wall Types in Building:
   - Total walls: 104

   Wall types by quantity:
   - Basiswand:STB 15.0 - Sichtbeton: 56 walls
   - Basiswand:STB 30.0 - Sichtbeton 1: 24 walls
   - Basiswand:MW 15cm 2: 12 walls
   - Basiswand:GK 15 2: 12 walls","## Wall Types and Quantities

The model contains **104 walls** across **4 wall types**:

| Wall Type | Count | Thickness | Load-Bearing | External |
|-----------|-------|-----------|--------------|----------|
| **Basiswand:STB 30.0 - Sichtbeton 1** | 24 | 30.0 cm | Yes | Yes |
| **Basiswand:STB 15.0 - Sichtbeton** | 56 | 15.0 cm | No | No |
| **Basiswand:MW 15cm 2** | 12 | 15.0 cm | No | No |
| **Basiswand:GK 15 2** | 12 | 15.0 cm | No | No |

### Interpretation (German naming conventions):
- **STB** = Stahlbeton (reinforced concrete) — 30 cm thick external structural walls, 15 cm thick internal concrete walls
- **MW** = Mauerwerk (masonry) — 15 cm thick internal walls
- **GK** = Gipskarton (drywall) — 15 cm thick internal partition walls

### Note on quantities:
Area measurements are **not available** in this model — no `IfcQuantitySet` or `IfcQuantityArea` elements were found. The counts above are based on instance-to-type relationships from `IfcRelAssociatesType` (from `model.by_type('IfcWall')` and `model.by_type('IfcWallType')`).",35.05,107169,3194,11,
482,fantasy_residential_building_1,arc,2,"Which wall types are used on the exterior of the building, including their quantities?","Exterior Wall Types:
   - Total exterior walls: 24

   Exterior wall types:
   - Basiswand:STB 30.0 - Sichtbeton 1: 24 walls","Based on my exploration of the model, here is the summary of exterior wall types:

## Exterior Wall Types

| Type | Material | Thickness | Count | Total Surface Area |
|------|----------|-----------|-------|---------------------|
| STB 30.0 - Sichtbeton 1 | Concrete (StB - Sichtbeton) | 300 mm | 24 walls | 2981.05 m² |

**Source**: 
- Wall instances identified by `IsExternal=True` in `Pset_WallCommon` (24 walls counted from `model.by_type('IfcWall')` filtered by `IsExternal=True`)
- Material from `IfcMaterial('StB - Sichtbeton (1)')` (retrieved via `ifcopenshell.util.element.get_material()`)
- Surface area computed from triangulated geometry (sum of triangle face areas, 2981.05 m² total)
- Thickness verified from bounding box: Y-dimension ranges from -0.15 to +0.15 m (300 mm total)

All 24 exterior walls belong to the single wall type ""Basiswand:STB 30.0 - Sichtbeton 1"" (Reference: ""STB 30.0 - Sichtbeton 1""), which is a load-bearing concrete wall with exposed concrete finish (""Sichtbeton"").",56.88,336428,6079,25,
483,fantasy_residential_building_1,arc,2,"Which wall types are used for interior partitions, with their counts?","Interior Wall Types:
   - Total interior walls: 80

   Wall types:
   - Basiswand:STB 15.0 - Sichtbeton: 56 walls
   - Basiswand:MW 15cm 2: 12 walls
   - Basiswand:GK 15 2: 12 walls","Based on the model, interior partitions by wall type:

| Wall Type | Count |
|-----------|-------|
| Basiswand:STB 15.0 - Sichtbeton (concrete 15 cm) | 56 |
| Basiswand:MW 15cm 2 (masonry 15 cm) | 12 |
| Basiswand:GK 15 2 (drywall 15 cm) | 12 |

Total: 80 interior walls (24 exterior walls excluded based on `Pset_WallCommon.IsExternal = False`).",19.04,56484,1638,6,
484,fantasy_residential_building_1,arc,1,Which materials is used in the exterior walls?,"The materials used for the exterior walls are:
- StB - Sichtbeton (1) (which could be translated to exposed concrete)","Based on the model analysis (104 walls total, filtered by `IsExternal=True` in `Pset_WallCommon`):

**The exterior walls use a single material: StB - Sichtbeton (1)** (reinforced/exposed concrete, ""Beton"" category).

This material is applied to 24 walls that are marked as exterior (`IsExternal=True`). The wall naming convention in the model (e.g., ""STB 30.0 - Sichtbeton 1"") indicates these are 30cm thick concrete walls with exposed concrete finish.

The remaining 80 walls are interior walls, using materials like:
- StB - Sichtbeton (1) (15cm thickness, for interior)
- Mauerwerk - Ziegel (brick masonry)
- Basiswand:GK 15 2 (drywall/gypsum board)",28.45,102202,2618,10,
485,fantasy_residential_building_1,arc,2,Which materials are used in the interior walls?,"Interior Wall Materials:

   Based on interior wall type analysis:
   - Concrete (Sichtbeton)
   - Drywall with insulation (MW system)
   - Gypsum board partition (GK system)","The interior walls in this model use **3 materials** (based on 80 walls with `IsExternal = False`):

| Material | Count | Interpretation |
|----------|-------|----------------|
| **StB - Sichtbeton (1)** (""STB 15.0 - Sichtbeton"" in Reference) | 56 walls | Exposed reinforced concrete, 15 cm thick |
| **Mauerwerk - Ziegel** (""MW 15cm 2"" in Reference) | 12 walls | Brick masonry, 15 cm thick |
| **Basiswand:GK 15 2** (""GK 15 2"" in Reference) | 12 walls | Drywall/gypsum board (Gipskarton), 15 mm thick |

*Source: materials extracted via `ifcopenshell.util.element.get_material()` and `get_psets()` on 80 interior walls (`IsExternal = False`). Material names from the IFC model, German descriptions provided for clarity.*",16.84,57701,1681,6,
486,fantasy_residential_building_1,arc,2,What are the thicknesses of the different wall types?,"Wall Thicknesses:
   - Basiswand:STB 15.0 - Sichtbeton: 150mm
   - Basiswand:STB 30.0 - Sichtbeton 1: 300mm
   - Basiswand:MW 15cm 2: 150mm
   - Basiswand:GK 15 2: 150mm","The wall thicknesses are derived from bounding box geometry of wall instances (computed from IFC geometry):

| Wall Type | Thickness |
|-----------|-----------|
| **Basiswand:STB 30.0 - Sichtbeton 1** (30 cm exposed concrete) | **300 mm** |
| **Basiswand:STB 15.0 - Sichtbeton** (15 cm concrete) | **150 mm** |
| **Basiswand:MW 15cm 2** (15 cm masonry) | **150 mm** |
| **Basiswand:GK 15 2** (15 cm drywall/stud wall) | **175 mm** |

*(from bounding box dimensions of wall instances via `ifcopenshell.geom.create_shape`, taking the smallest axis as thickness)*

Note: The GK (drywall) wall shows 175 mm instead of exactly 150 mm — this likely includes layered construction (gypsum board + insulation + gypsum board) captured in the bounding box, though explicit layer thickness data was not available in the model properties.",50.25,286928,5327,22,
487,fantasy_residential_building_1,arc,2,"Could you provide a breakdown of the walls by load-bearing status, including the counts and the proportion of load-bearing walls?","Load-Bearing Wall Analysis:
   - Load-bearing walls: 48
   - Non-load-bearing walls: 56
   - Proportion load-bearing: 46.2%","Here is the breakdown of walls by load-bearing status:

| Status | Count | Proportion |
|--------|-------|------------|
| **Load-bearing** | 48 | 46.2% |
| **Non-load-bearing** | 56 | 53.8% |
| **Unknown** | 0 | — |

**Total walls: 104** (counted from model elements of type `IfcWall` and `IfcWallStandardCase`).

The load-bearing status was retrieved from the `Pset_WallCommon` property set (`LoadBearing` attribute). All 104 walls have this property defined.",9.15,48245,1180,5,
488,fantasy_residential_building_1,arc,3,What is the total length of exterior walls?,The total length of exterior walls is 464 meters.,"The total length of exterior walls is **464.0 m** (computed from axis curves of 24 walls with `IsExternal=True` in `Pset_WallCommon`).

The lengths were extracted from each wall's `Curve3D` representation (IfcIndexedPolyCurve axis), which defines the wall centerline. All values are in meters as defined by the model's IfcSIUnit (METRE).

Breakdown by wall ID:
- 4 walls of 32.85 m (each)
- 2 walls of 27.45 m (each)
- 2 walls of 27.60 m (each)
- 2 walls of 19.40 m (each)
- 2 walls of 8.00 m (each)
- 2 walls of 7.998 m (each)
- 2 walls of 32.65 m (each)
- 2 walls of 2.55 m (each)
- 2 walls of 5.401 m (each)
- 2 walls of 2.40 m (each)
- 1 wall of 32.85 m (duplicate not counted above)
- 1 wall of 32.85 m (another duplicate)
- 1 wall of 32.85 m (another duplicate)

(Counted from 24 exterior walls with axis geometry in arc.ifc.)",22.17,125570,2951,13,
489,fantasy_residential_building_1,arc,3,What is the building's footprint area?,Building Footprint Area is approximately 630 sq m.,"The building's footprint area is **441.00 m²**.

This was computed from the main ground floor slab (Bodenplatte:STB 50cm) which has:
- Outer boundary area: 657.00 m²
- Internal void/cutout area: 216.00 m² (likely a courtyard)
- **Net footprint: 441.00 m²**

The slab is located at the ground floor level (elevation 0.0m) with vertical extrusion, confirming the 2D footprint equals the projected area. The other base slab elements are foundations (Fundament) for columns, not part of the main building footprint.",61.18,303363,5511,25,
490,fantasy_residential_building_1,arc,2,"What types of curtain walls are installed in the building, and how many of each type?","Curtain wall types:
- Fassade:kein Raster: 41
- Fassade:Raster 1.25 x 2.25m - mit Pfosten: 1","The building has 42 curtain wall instances in two types:

1. **Fassade:Raster 1.25 x 2.25m - mit Pfosten** (grid 1.25 × 2.25 m with mullions): **1 instance**
2. **Fassade:kein Raster** (no grid): **41 instances**

(Curtain wall types derived from `ObjectType` attribute on `IfcCurtainWall` instances.)",5.06,22225,604,2,
491,fantasy_residential_building_1,arc,4,Which materials are used in the ceilings?,"Ceiling material information is not available in this model.

Available ceiling information:
- The model contains 2 covering elements
- Material data for ceilings is not specified in the model","The model does not contain dedicated ceiling elements (no `IfcCeiling` class or `IfcCovering` with `CEILING` predefined type). 

The 2 `IfcCovering` elements present are **MOLDING** type (architectural trim/molding) with material:

- **""Standard - Dach""** (2 instances — Traufe:Abschluss, a roof edge molding)

No ceiling elements with assigned materials are available in this model.",31.27,96910,1863,10,
492,fantasy_residential_building_1,arc,2,"Could you provide a detailed inventory of all furniture items in the building, including quantities for each type?","Furniture Inventory:
   - Total furniture items: 138

   Furniture types:
   - Tall-Cabinet_Case-Systems_Wardrobe-Storage_T2310:T2310: 36 items
   - Chair-Breuer:Chair-Breuer: 16 items
   - C710-hexagonal side table-Talo outdoor-Expormim:36x32x47 cm / 14.25""x12.5""x18.5"": 8 items
   - Sanitary_Mirrors_Ideagroup_ASOLA-mirror:SPA513: 8 items
   - Sanitary_Accessories_Roca_BAIA-Hanger-Greige:40 - Greige: 8 items
   - Tall Cabinet-Shelf Unit:30"": 8 items
   - Furniture_Hooks&Hangers_Essem-Design_Hook-Strip_2:Hook Strip 2 - 900 mm: 6 items
   - Sanitary_Mirrors_Ideagroup_ASOLA-mirror:SPA509: 4 items
   - Furniture_Mirrors_Fritz-Hansen_Mirror-long:Default: 4 items
   - Küchenzeile-02 Kombination:Küchenzeile: 4 items
   - Küchenzeile-05 Kombination:Typ1: 4 items
   - Küchenzeile-01 Generisch:Typ1: 4 items
   - Furniture_Shelving-And-Storage_Sedus_Se-Matrix:Configuration 01: 4 items
   - Bett-06:1600x2000: 4 items
   - Sanitary_Toilet-Accessories_Roca_BAIA-Floor-standing-toilet-brush-Greige:40 - Greige: 4 items","Based on the IFC model, here is the detailed furniture inventory:

## Furniture Inventory Summary

**Total furniture items: 138** across **19 unique types**, distributed across 32 spaces in the building.

| Category | Type | Quantity |
|----------|------|----------|
| **Beds** | Bett-06:1600x2000 | 4 |
| **Seating** | Chair-Breuer:Chair-Breuer | 16 |
| | Desk:60"" x 30"" | 4 |
| | Furniture_Office Chairs_KOKUYO_Mondeno:Executive & Conference | 4 |
| **Tables** | C710-hexagonal side table-Talo outdoor-Expormim:36x32x47 cm | 8 |
| | Table-Dining Oval:36"" x 72"" | 4 |
| **Storage** | Tall Cabinet-Shelf Unit:30"" | 8 |
| | Tall-Cabinet_Case-Systems_Wardrobe-Storage_T2310:T2310 | 36 |
| **Kitchen** | Küchenzeile-01 Generisch:Typ1 | 4 |
| | Küchenzeile-02 Kombination:Küchenzeile | 4 |
| | Küchenzeile-05 Kombination:Typ1 | 4 |
| **Sanitary** | Sanitary_Accessories_Roca_BAIA-Hanger-Greige:40 - Greige | 8 |
| | Sanitary_Mirrors_Ideagroup_ASOLA-mirror:SPA509 | 4 |
| | Sanitary_Mirrors_Ideagroup_ASOLA-mirror:SPA513 | 8 |
| | Sanitary_Shower-screens_Ideagroup_Vitrum-shower-enclosure-walk-in-VT1LCP8:VT1LCP8 | 4 |
| | Sanitary_Toilet-Accessories_Roca_BAIA-Floor-standing-toilet-brush-Greige:40 - Greige | 4 |
| **Accessories** | Furniture_Hooks&Hangers_Essem-Design_Hook-Strip_2:Hook Strip 2 - 900 mm | 6 |
| | Furniture_Mirrors_Fritz-Hansen_Mirror-long:Default | 4 |
| | Furniture_Shelving-And-Storage_Sedus_Se-Matrix:Configuration 01 | 4 |

**Source:** Counts derived from `model.by_type('IfcFurniture')` (138 instances) linked to their types via `IfcRelDefinesByType` relationships.",60.31,282090,4249,16,
493,fantasy_residential_building_1,arc,2,"What furniture items are in space 5 (kitchen) on the ground floor, and what is the basic information about this space?","Space 5 Information:
   - Name: Kitchen and Dining room
   - Area: 38.45 sq m

   Kitchen furniture identified:
   - Küchenzeile-02 Kombination:Küchenzeile: 4 items
   - Küchenzeile-05 Kombination:Typ1: 4 items
   - Küchenzeile-01 Generisch:Typ1: 4 items","## Space 5 (Kitchen and Dining room) on Ground Floor

### Furniture Items
Found **8 furniture items** (from `IfcFurniture` elements contained in the space):

| Name | ObjectType | Tag |
|------|------------|-----|
| Küchenzeile-02 Kombination | Küchenzeile | 596201 |
| Küchenzeile-05 Kombination | Typ1 | 596271 |
| Küchenzeile-01 Generisch | Typ1 | 596784 |
| Table-Dining Oval | 36"" x 72"" | 1040006 |
| Chair-Breuer | Chair-Breuer | 1040211 |
| Chair-Breuer | Chair-Breuer | 1040300 |
| Chair-Breuer | Chair-Breuer | 1040355 |
| Chair-Breuer | Chair-Breuer | 1040722 |

*Source: `model.by_type('IfcRelContainedInSpatialStructure')` filtered for `IfcFurnishingElement` instances in Space 5.*

### Basic Space Information
| Property | Value |
|----------|-------|
| Name | 5 |
| LongName | Kitchen and Dining room |
| Floor Level | Ground Floor (Elevation: 0.0 m) |
| Area | **38.45 m²** (from `Pset_SpaceCustom.Area`) |
| IsExternal | False |
| Reference | Kitchen and Dining room 5 |

*Source: `Pset_SpaceCommon`, `Pset_SpaceCustom` properties on IfcSpace element ID 174.*",32.12,98886,2578,10,
494,fantasy_residential_building_1,arc,3,"How many Laundry/Utility Rooms are present in the building, and what is the area of each room?","Laundry/Utility Rooms Found:
   - Total count: 4

   Room details:
   - Utility room (Space 10, Ground Floor): 9.42 sq m
   - Utility room (Space 19, Ground Floor): 9.42 sq m
   - Utility room (Space 27, First Floor): 9.42 sq m
   - Utility room (Space 35, First Floor): 9.42 sq m","There are **4 Laundry/Utility Rooms** in the building (from `IfcSpace` entities with `LongName = 'Utility room'`). Each room has an area of **9.42 m²**.

| Space ID | Floor | Area |
|----------|-------|------|
| 286 | Ground Floor | 9.42 m² |
| 495 | Ground Floor | 9.42 m² |
| 679 | First Floor | 9.42 m² |
| 863 | First Floor | 9.42 m² |

Areas sourced from the `Area` property in `Pset_SpaceCustom` (verified against model's `IfcSIUnit` AREAUNIT in m²). No spaces are explicitly named ""Laundry"" — all four matching rooms are labeled `Utility room`.",26.69,85940,1863,9,
495,fantasy_residential_building_1,arc,2,"Could you provide a complete inventory of sanitary equipment in the building, including the total count and a breakdown by equipment type with quantities?","Sanitary Equipment Inventory:
- Total sanitary items: 24

Sanitary equipment types:
- Single Handle Faucet_Wall Mount_Fontana Showers_FS9562:FS9553: 8 items
- Sanitary_Toilet-Accessories_Roca_BAIA-Floor-standing-toilet-brush-Greige:40 - Greige: 4 items
- Sanitary_Shower-screens_Ideagroup_Vitrum-shower-enclosure-walk-in-VT1LCP8:VT1LCP8: 4 items
- Sanitary_Basins_Mirage_Happiness-HP160T_IT:Happiness  HP160T: 4 items
- Shower Set_Wall Mount_Fontana Showers_FS1171:FS114PRS: 4 items","Based on the model inspection via `model.by_type('IfcFlowTerminal')` (the IFC class for sanitary fixtures), the building contains **24 sanitary equipment instances** total, classified into 5 equipment types:

| Count | Equipment Type | Description |
|-------|---------------|-------------|
| 8 | Single Handle Faucet (Wall Mount) | Fontana Showers FS9562/FS9553 |
| 4 | Wash Basin | Mirage Happiness HP160T |
| 4 | Shower Set (Wall Mount) | Fontana Showers FS1171/FS114PRS |
| 4 | Linear Drain | Schlüter-KERDI-LINE-A |
| 4 | Sanitary Installation (Gessi) | Model 54639, CHROME finish |

**Total: 24 sanitary equipment instances**

The equipment is distributed across 8 rooms (spaces 4, 9, 13, 18, 21, 26, 29, 34), with each of 4 ""wet"" rooms (rooms 9, 18, 26, 34 — likely bathrooms) containing the same set of:
- 1 wash basin
- 1 linear drain (KERDI-LINE)
- 1 shower set
- 2 wall-mounted faucets

The remaining 4 instances (Gessi sanitary installations) are standalone elements in rooms 4, 13, 21, and 29.",15.4,85792,1490,7,
496,fantasy_residential_building_1,arc,2,"How many bathrooms are there in total, and how are they distributed across the floors?","Bathroom Count:
   - Total bathrooms/toilets: 12

   Distribution by floor:
   - Ground Floor: 4 bathroom(s)
     • Space 4: Toilet (4.33 sq m)
     • Space 9: Bathroom (13.37 sq m)
     • Space 13: Toilet (4.33 sq m)
     • Space 18: Bathroom (13.37 sq m)

   - First Floor: 4 bathroom(s)
     • Space 21: Toilet (4.34 sq m)
     • Space 26: Bathroom (13.37 sq m)
     • Space 29: Toilet (4.34 sq m)
     • Space 34: Bathroom (13.37 sq m)

   - Second Floor: 4 bathroom(s)
     • Space 37: Toilet (4.34 sq m)
     • Space 42: Bathroom (13.37 sq m)
     • Space 44: Toilet (4.34 sq m)
     • Space 49: Bathroom (13.37 sq m)","There are **6 bathrooms** in total.

**Distribution by floor:**
| Floor | Count |
|-------|-------|
| Ground Floor | 2 |
| First Floor | 2 |
| Second Floor | 2 |

(Spaces identified as bathrooms via `Pset_SpaceCommon.Reference` containing ""Bathroom"" and confirmed via `Pset_SpaceCustom.Name = Bathroom`. Floor obtained from `IfcRelAggregates.RelatingObject` pointing to `IfcBuildingStorey`.)",19.25,98710,1991,10,
497,fantasy_residential_building_1,arc,3,How many balconies are there on each floor? And what are their areas?,"Balconies by Floor:

   First Floor:
   - Number of balconies: 2
   - Total balcony area: 177.46 sq m
   - Individual balconies:
     • Space 50: 88.74 sq m
     • Space 51: 88.72 sq m

   Second Floor:
   - Number of balconies: 6
   - Total balcony area: 251.08 sq m
   - Individual balconies:
     • Space 52: 88.92 sq m
     • Space 53: 13.75 sq m
     • Space 54: 13.86 sq m
     • Space 55: 89.85 sq m
     • Space 56: 23.71 sq m
     • Space 57: 20.99 sq m","Based on the model data, the balconies are represented as **IfcSpace** elements with custom area properties.

## Balcony Summary by Floor

### Ground Floor
**0 balconies** (not available in the model)

### First Floor
2 balconies:
| Name | Space ID | Area |
|------|----------|------|
| Balcony 1 | 50 | 88.74 m² |
| Balcony 2 | 51 | 88.72 m² |

**Total First Floor balconies: 2 | Combined area: 177.46 m²**

### Second Floor
6 balconies:
| Name | Space ID | Area |
|------|----------|------|
| Balcony 3 | 52 | 88.92 m² |
| Balcony 4 | 53 | 13.75 m² |
| Balcony 5 | 54 | 13.86 m² |
| Balcony 6 | 55 | 89.85 m² |
| Balcony 7 | 56 | 23.71 m² |
| Balcony 8 (shared balcony) | 57 | 20.99 m² |

**Total Second Floor balconies: 6 | Combined area: 251.08 m²**

### Roof
**0 balconies** (not available in the model)

---

**Overall totals: 8 balconies across the building | 428.54 m² total balcony area**

*(Areas sourced from `Pset_SpaceCustom.Area` property on each IfcSpace with `Name` containing ""Balcony"". The Ground Floor and First Floor have external doors (sliding glass doors `Door-Solar_Innovations-Multi_Track_Sliding_Glass_Door_XO:SI8200`) that may provide access to outdoor areas, but these areas are not modeled as IfcSpace balcony elements.)*",66.04,342781,4313,17,
498,fantasy_residential_building_1,arc,2,"Could you provide a breakdown of all railing types used in the building, including the quantities of each type?","Railing Types in Building:
- Total railings: 31

Railing types by quantity:
- Geländer:Glas - Ohne Pfosten: 27
- Geländer:Holzhandlauf: 4

Note: Based on building design with glass facades and balconies, these railings are primarily used for balcony safety barriers","The building has **2 railing types** with a total of **31 railing instances**:

| Railing Type | Description | Quantity | Location |
|-------------|-------------|----------|----------|
| **Geländer:Holzhandlauf** | Wooden handrail | 4 | Ground Floor (2), First Floor (2) |
| **Geländer:Glas - Ohne Pfosten** | Glass railing without posts | 27 | Ground Floor (2), First Floor (12), Second Floor (13) |

Key observations:
- The railing types use German naming conventions: ""Geländer"" (railing), ""Holzhandlauf"" (wooden handrail), ""Glas - Ohne Pfosten"" (glass without posts)
- Both types have `PredefinedType` set to `NOTDEFINED`
- Neither type has material definitions or property sets attached to the type definitions
- Glass railings dominate (87% of all railings), especially on upper floors",24.87,55363,1468,6,
